{
  "model": "regresion_logistica",
  "selection_policy": "mayor F1; preferir regresion logistica si queda a 0.03 o menos del mejor F1",
  "target": "label_risky_event",
  "target_definition": {
    "0": "evento valido",
    "1": "evento riesgoso"
  },
  "feature_columns": [
    "content_length",
    "hour",
    "day_of_week",
    "interaction_velocity_5m",
    "account_age_days",
    "historical_report_rate",
    "is_duplicate",
    "has_source_user",
    "has_target_user",
    "has_valid_date",
    "is_allowed_event_type",
    "event_type_like",
    "event_type_comment",
    "event_type_follow",
    "event_type_invalid"
  ],
  "weights": [
    3.69625307,
    -0.72306132,
    -0.41367924,
    -0.91788894,
    2.83666025,
    0.33828358,
    1.27496482,
    1.73132449,
    -0.85985261,
    -2.30498359,
    -1.75047605,
    -1.57609158,
    -0.82059273,
    -0.24486113,
    -0.45123636,
    1.57609158
  ],
  "mean": [
    4.875,
    10.16071429,
    3.00892857,
    24.50446429,
    708.60714286,
    0.11292455,
    0.06696429,
    0.98660714,
    0.88392857,
    0.87946429,
    0.76785714,
    0.28125,
    0.25892857,
    0.22767857,
    0.23214286
  ],
  "std": [
    7.64049947,
    6.63937601,
    1.5554945,
    13.5537942,
    435.92973011,
    0.08360115,
    0.24996014,
    0.11494994,
    0.32031056,
    0.32558694,
    0.42219966,
    0.44960921,
    0.43804631,
    0.41933404,
    0.42219966
  ],
  "metrics": {
    "accuracy": 0.8854,
    "precision": 0.9206,
    "recall": 0.9062,
    "f1_score": 0.9134,
    "roc_auc": 0.9731,
    "gini": 0.9463,
    "threshold": 0.5,
    "true_negatives_valid_detected": 27,
    "false_positives_valid_marked_risky": 5,
    "false_negatives_risky_marked_valid": 6,
    "true_positives_risky_detected": 58
  },
  "performance": {
    "training_seconds": 0.060773,
    "inference_seconds": 4.8e-05,
    "inference_rows": 96,
    "inference_rows_per_second": 2000000.0,
    "dataset_rows": 320,
    "train_rows": 224,
    "test_rows": 96
  },
  "generated_at_utc": "2026-06-09T19:08:43.066939+00:00"
}