{
  "model": "random_forest",
  "selection_policy": "mayor F1; preferir regresion logistica si queda a 0.03 o menos del mejor F1",
  "target": "label_risky_event",
  "target_definition": {
    "0": "evento valido",
    "1": "evento riesgoso"
  },
  "feature_columns": [
    "content_length",
    "hour",
    "day_of_week",
    "interaction_velocity_5m",
    "account_age_days",
    "historical_report_rate",
    "is_duplicate",
    "has_source_user",
    "has_target_user",
    "has_valid_date",
    "is_allowed_event_type",
    "event_type_like",
    "event_type_comment",
    "event_type_follow",
    "event_type_invalid"
  ],
  "weights": [
    0.40981972,
    0.96618168,
    -0.63369206,
    -0.37422497,
    1.37684895,
    0.43907787,
    2.21697001,
    0.0,
    -0.66500202,
    -0.61223989,
    -0.37422497,
    -0.66678607,
    -0.12808314,
    -0.41010562,
    0.21146752,
    0.66678607
  ],
  "mean": [
    5.27857143,
    12.64285714,
    -0.01428571,
    23.5,
    750.8,
    0.152,
    0.0,
    0.99285714,
    0.98571429,
    0.98571429,
    0.94285714,
    0.36428571,
    0.3,
    0.27857143,
    0.05714286
  ],
  "std": [
    8.18453931,
    3.55783126,
    0.11866606,
    13.05017789,
    433.58919333,
    0.08632331,
    1.0,
    0.08421304,
    0.11866606,
    0.11866606,
    0.23211538,
    0.48122929,
    0.45825757,
    0.44829609,
    0.23211538
  ],
  "metrics": {
    "accuracy": 0.95,
    "precision": 0.9118,
    "recall": 1.0,
    "f1_score": 0.9538,
    "roc_auc": 0.9967,
    "gini": 0.9933,
    "threshold": 0.5,
    "true_negatives_valid_detected": 26,
    "false_positives_valid_marked_risky": 3,
    "false_negatives_risky_marked_valid": 0,
    "true_positives_risky_detected": 31
  },
  "performance": {
    "training_seconds": 0.42125,
    "inference_seconds": 0.02908,
    "inference_rows": 60,
    "inference_rows_per_second": 2063.27,
    "dataset_rows": 200,
    "dataset_source": "social_events_200.xlsx",
    "train_rows": 140,
    "test_rows": 60
  },
  "generated_at_utc": "2026-06-15T05:09:33.308178+00:00"
}